MI_PRINX,SL Number,Site ID,Street Location,Between Street 1,Between Street 2,Direction Bound,Start Date,End Date,Count Year,Ave Weekday Traffic,ADT,AM Peak 8 To 9,PM Peak 5 To 6,Percent Heavy Vehicles,Speed Limit,Percentile 85th,Percent Exceed Speed Limit,Data Collected By,Longitude,Latitude,x,y
192,18,HAM_HRD_KRL_90,Hampden Road,Hardy Rd,Karella St,Northbound,3/9/2022 12:00:00 AM,3/16/2022 12:00:00 AM,2022,3076,2775,257,245,12.2,50,40.32,1.038,COP,115.8134388,-31.972883,12892294.2335,-3759749.8622
193,19,HAM_HRD_KRL_91,Hampden Road,Hardy Rd,Karella St,Southbound,3/9/2022 12:00:00 AM,3/16/2022 12:00:00 AM,2022,2737,2426,208,252,14.4,50,37.98,0.461,COP,115.8134388,-31.972883,12892294.2335,-3759749.8622
194,82,HAMPDN_HARDY_KARELA,Hampden Road,Hardy Rd,Karella St,Northbound,3/9/2022 12:00:00 AM,3/16/2022 12:00:00 AM,2022,3076,2775,257,245,12.2,50,40.32,1.038,COP,115.8134388,-31.972883,12892294.2335,-3759749.8622
195,83,HAMPDN_HARDY_KARELA,Hampden Road,Hardy Rd,Karella St,Southbound,3/9/2022 12:00:00 AM,3/16/2022 12:00:00 AM,2022,2737,2426,208,252,14.4,50,37.98,0.461,COP,115.8134388,-31.972883,12892294.2335,-3759749.8622
196,5,ALTRLN_HARDY_KARELA,Altair Lane,Hardy Road,Karella Street,Southbound/Northbound,2/20/2023 12:00:00 AM,2/27/2023 12:00:00 AM,2023,85,81,7,9,0,50,23.04,0,COP,115.8139876,-31.9722732,12892355.3253,-3759669.8401
197,10,KARELA_TARENA_ALTRLN,Karella Street,Tareena Street,Altair Lane,Eastbound/Westbound,2/20/2023 12:00:00 AM,2/27/2023 12:00:00 AM,2023,494,452,42,44,0.2,50,36.18,0.158,COP,115.8139888,-31.9730271,12892355.4591,-3759768.7719
198,4,ALTRLN_KARELA_PARKRD,Altair Lane,Karella Street,Park Road,Southbound/Northbound,2/20/2023 12:00:00 AM,2/27/2023 12:00:00 AM,2023,58,52,4,8,0,50,19.44,0,COP,115.8139916,-31.9737075,12892355.771,-3759858.0592
199,7,MICALN_KANBLA_HAMPDN,Micrantha Lane,Kanimbla Road,Hampden Street,Eastbound/Westbound,2/20/2023 12:00:00 AM,2/27/2023 12:00:00 AM,2023,75,66,8,10,0,50,21.21,0,COP,115.8141547,-31.9710615,12892373.9263,-3759510.8346
200,20,BDW_EDW_ELZ_92,Broadway,Edward St,Elizabeth St,Northbound,3/9/2022 12:00:00 AM,3/16/2022 12:00:00 AM,2022,4110,4019,238,361,11,50,45.18,4.336,COP,115.8145065,-31.9820939,12892413.0914,-3760958.6403
201,21,BDW_EDW_ELZ_93,Broadway,Edward St,Elizabeth St,Southbound,3/9/2022 12:00:00 AM,3/16/2022 12:00:00 AM,2022,3365,3242,214,337,3.7,50,39.24,0.176,COP,115.8145065,-31.9820939,12892413.0914,-3760958.6403
202,84,BROADW_EDWDCY_EZLBTH,Broadway,Edward St,Elizabeth St,Northbound,3/9/2022 12:00:00 AM,3/16/2022 12:00:00 AM,2022,4110,4019,238,361,11,50,45.18,4.336,COP,115.8145065,-31.9820939,12892413.0914,-3760958.6403
203,85,BROADW_EDWDCY_EZLBTH,Broadway,Edward St,Elizabeth St,Southbound,3/9/2022 12:00:00 AM,3/16/2022 12:00:00 AM,2022,3365,3242,214,337,3.7,50,39.24,0.176,COP,115.8145065,-31.9820939,12892413.0914,-3760958.6403
204,45,BROADW_ELZBTH_CAPORN,Broadway,Llizabeth street,Caporn street,Southbound,11/21/2023 12:00:00 AM,11/28/2023 12:00:00 AM,2023,3567,3467,263,369,0.4,50,40.368,0.808,COP,115.8145135,-31.9840056,12892413.8706,-3761209.5341
205,44,BROADW_ELZBTH_CAPORN,Broadway,Llizabeth street,Caporn street,Northbound,11/21/2023 12:00:00 AM,11/28/2023 12:00:00 AM,2023,3295,3319,225,254,0.6,50,39.78,0.602,COP,115.8145136,-31.9840056,12892413.8818,-3761209.5341
206,45,MONASH_KANBLA_HAMPDN,Monash Ave,Kanimbla Rd,Hampden Rd,East,3/9/2022 12:00:00 AM,3/17/2022 12:00:00 AM,2022,5623,4860,371,516,0.1141,50,48.8,0.114,Pantagon,115.814644,-31.970513,12892428.3948,-3759438.858
207,46,MONASH_KANBLA_HAMPDN,Monash Ave,Kanimbla Rd,Hampden Rd,West,3/9/2022 12:00:00 AM,3/17/2022 12:00:00 AM,2022,5178,4473,519,396,0.101,50,46.6,0.065,Pantagon,115.814687,-31.970481,12892433.1814,-3759434.6589
208,22,PCS_BDW_TAV_94,Princess Road,Broadway,The Avenue,Westbound,3/9/2022 12:00:00 AM,3/16/2022 12:00:00 AM,2022,1849,1725,232,171,6.7,50,41.76,0.506,COP,115.8150239,-31.9864049,12892470.6877,-3761524.4283
209,23,PCS_BDW_TAV_95,Princess Road,Broadway,The Avenue,Eastbound,3/9/2022 12:00:00 AM,3/16/2022 12:00:00 AM,2022,1557,1492,112,169,12,50,42.12,1.114,COP,115.8150239,-31.9864049,12892470.6877,-3761524.4283
210,86,PRINSS_BROADW_THEAVE,Princess Road,Broadway,The Avenue,Westbound,3/9/2022 12:00:00 AM,3/16/2022 12:00:00 AM,2022,1849,1725,232,171,6.7,50,41.76,0.506,COP,115.8150239,-31.9864049,12892470.6877,-3761524.4283
211,87,PRINSS_BROADW_THEAVE,Princess Road,Broadway,The Avenue,Eastbound,3/9/2022 12:00:00 AM,3/16/2022 12:00:00 AM,2022,1557,1492,112,169,12,50,42.12,1.114,COP,115.8150239,-31.9864049,12892470.6877,-3761524.4283
212,2,ANTSLN_KARELA_PARKRD,Antares Lane,Karella Street,Park Road,Southbound/Northbound,2/20/2023 12:00:00 AM,2/27/2023 12:00:00 AM,2023,17,16,2,2,0,50,19.62,0,COP,115.8150845,-31.9742279,12892477.4321,-3759926.3502
213,3,ANTSLN_HARDY_KARELA,Antares Lane,Hardy Road,Karella Street,Southbound/Northbound,2/20/2023 12:00:00 AM,2/27/2023 12:00:00 AM,2023,29,26,3,3,0,50,20.28,0,COP,115.8150909,-31.9728847,12892478.1441,-3759750.0849
214,8,KANBLA_KARELA_PARKRD,Kanimbla Road,Karella Street,Park Road,Southbound/Northbound,2/20/2023 12:00:00 AM,2/27/2023 12:00:00 AM,2023,771,744,53,59,0.5,50,45,3.207,COP,115.8156457,-31.9738275,12892539.9044,-3759873.8061
215,11,HARDY_SPICAL_KANVLA,Hardy Road,Spica Lane,Kanimbla Road,Eastbound/Westbound,2/20/2023 12:00:00 AM,2/27/2023 12:00:00 AM,2023,954,904,95,69,2.5,50,37.98,0.773,COP,115.8158728,-31.9715381,12892565.1842,-3759573.3759
216,50,THEAVE_BROADW_FAIRWY,The Avenue,Broadway,Fairway,South,3/9/2022 12:00:00 AM,3/17/2022 12:00:00 AM,2022,2069,2045,144,205,0.0381,50,38.2,0.0038,Pantagon,115.815911,-31.988033,12892569.4388,-3761738.1116
217,49,THEAVE_BROADW_FAIRWY,The Avenue,Broadway,Fairway,North,3/9/2022 12:00:00 AM,3/17/2022 12:00:00 AM,2022,2031,1954,202,166,0.0379,50,38.9,0.0045,Pantagon,115.815916,-31.988088,12892569.9954,-3761745.3303
218,1,SPICAL_HARDY_PARKRD,Spica Lane,Hardy Road,Park Road,Southbound/Northbound,2/20/2023 12:00:00 AM,2/27/2023 12:00:00 AM,2023,36,35,3,3,0,50,28.12,0,COP,115.8161857,-31.9727655,12892600.0164,-3759734.4423
219,9,PARKRD_WINTHP_KANBLA,Park Road,Winthrop Av,Kanimbla Road,Eastbound/Westbound,2/20/2023 12:00:00 AM,2/27/2023 12:00:00 AM,2023,1041,1001,85,92,1.5,50,33.84,0.071,COP,115.8162511,-31.9743546,12892607.2972,-3759942.9766
220,6,MICALN_FERDLN_KANBLA,Micrantha Lane,Ferdinand Lane,Kanimbla Road,Eastbound/Westbound,2/20/2023 12:00:00 AM,2/27/2023 12:00:00 AM,2023,29,26,2,4,0,50,20.07,0,COP,115.816485,-31.9710596,12892633.3337,-3759510.5846
221,26,CPN_FRW_PRk_98,Caporn St,Fairway,Parkway,Eastbound/Westbound,5/4/2022 12:00:00 AM,5/18/2022 12:00:00 AM,2022,787,675,54,95,3.1,50,46.44,6.79,COP,115.8167637,-31.9844296,12892664.3608,-3761265.1805
222,70,WINTHP_ABDARE_MONASH,Winthrop Ave,Aberdare Rd,Monash Ave,North,3/9/2022 12:00:00 AM,3/17/2022 12:00:00 AM,2022,13914,12948,1052,983,0.0237,70,64.8,0.0313,Pantagon,115.81774,-31.969292,12892773.0389,-3759278.6344
223,71,WINTHP_ABDARE_MONASH,Winthrop Ave,Aberdare Rd,Monash Ave,South,3/9/2022 12:00:00 AM,3/17/2022 12:00:00 AM,2022,14244,13074,1064,1331,0.0233,70,65.2,0.0369,Pantagon,115.817782,-31.969342,12892777.7144,-3759285.1956
224,25,HKT_TAV_AUD_97,Hackett Drive,The Avenue,Australlia II Dr,Eastbound,3/9/2022 12:00:00 AM,3/16/2022 12:00:00 AM,2022,3269,3232,208,377,10.2,60,46.26,0.164,COP,115.8188146,-31.986426,12892892.665,-3761527.1967
225,89,HACKTT_THEAVE_AUSTDV,Hackett Drive,The Avenue,Australlia II Dr,Eastbound,3/9/2022 12:00:00 AM,3/16/2022 12:00:00 AM,2022,3269,3232,208,377,10.2,60,46.26,0.164,COP,115.8188146,-31.986426,12892892.665,-3761527.1967
226,24,HKT_TAV_AUD_96,Hackett Drive,The Avenue,Australlia II Dr,Westbound,3/9/2022 12:00:00 AM,3/16/2022 12:00:00 AM,2022,3933,3737,430,338,5.3,60,48.6,0.46,COP,115.8189181,-31.9864288,12892904.1866,-3761527.5642
227,88,HACKTT_THEAVE_AUSTDV,Hackett Drive,The Avenue,Australlia II Dr,Westbound,3/9/2022 12:00:00 AM,3/16/2022 12:00:00 AM,2022,3933,3737,430,338,5.3,60,48.6,0.46,COP,115.8189181,-31.9864288,12892904.1866,-3761527.5642
228,38,PARKAV-POOLAV-CRAWLY,Park Avenue,Pool Avenue,Crawley Avenue,Eastbound/Westbound,11/7/2023 12:00:00 AM,11/14/2023 12:00:00 AM,2023,1819,1729,119,170,0.3,50,48.6,11.3,COP,115.8199372,-31.9733955,12893017.6309,-3759817.1146
229,43,HACKTT_MTSBYR_AUSTDV,Hackett Drive,Mounts Bay Rd,Australlia II Dr,North,3/9/2022 12:00:00 AM,3/17/2022 12:00:00 AM,2022,7316,6848,530,650,0.0298,60,55.6,0.033,Pantagon,115.820958,-31.977266,12893131.2669,-3760325.0415
230,44,HACKTT_MTSBYR_AUSTDV,Hackett Drive,Mounts Bay Rd,Australlia II Dr,South,3/9/2022 12:00:00 AM,3/17/2022 12:00:00 AM,2022,6497,6191,724,545,0.0387,60,54.5,0.0286,Pantagon,115.820962,-31.97724,12893131.7122,-3760321.6295
231,37,CRAWLY-PARKAV-MTSBYR,Crawley Avenue,Park Avenue,Mounts Bay Road,southbound/Northbound,11/7/2023 12:00:00 AM,11/14/2023 12:00:00 AM,2023,1437,1369,112,123,0.9,50,46.62,7.429,COP,115.82368,-31.973873,12893434.2778,-3759879.7749
232,21,PARKAV_WNGFLD_KINGPA,Park Avenue,Kings Park Avenue,Wingfield Avenue,Eastbound/Westboud,10/16/2023 12:00:00 AM,10/23/2023 12:00:00 AM,2023,1167,1129,95,98,0.3,50,48.24,10.79,COP,115.8245138,-31.9716926,12893527.0955,-3759593.6478
233,18,KINGPA_PARKAV_MTSBYR,Kings Park Avenue,Park Avenue,Mounts Bay Road,Southbound/Northbound,10/16/2023 12:00:00 AM,10/23/2023 12:00:00 AM,2023,783,764,63,75,0.4,50,41.56,2.482,COP,115.8258897,-31.9718777,12893680.2602,-3759617.9372
234,51,KINGPR_THOMAS_WALKER,Kings Park Avenue,Thomas street,Walker Avenue,Eastbound kerbside,8/22/2023 12:00:00 AM,9/5/2023 12:00:00 AM,2023,5253,500,593,512,0.4,60,55.26,3.913,Austraffic,115.833495,-31.9553,12894717.6971,-3756881.1398
235,52,KINGPR_THOMAS_WALKER,Kings Park Avenue,Thomas street,Walker Avenue,Eastbound offside,8/22/2023 12:00:00 AM,9/5/2023 12:00:00 AM,2023,5547,4355,606,517,0.1,60,57.78,7.522,Austraffic,115.833495,-31.9553,12894717.6971,-3756881.1398
236,53,KINGPR_THOMAS_WALKER,Kings Park Avenue,Thomas street,Walker Avenue,Westbound kerbside,8/22/2023 12:00:00 AM,9/5/2023 12:00:00 AM,2023,3123,2507,244,329,0.1,60,60.66,17.6,Austraffic,115.833495,-31.9553,12894717.6971,-3756881.1398
237,54,KINGPR_THOMAS_WALKER,Kings Park Avenue,Thomas street,Walker Avenue,Westbound offside,8/22/2023 12:00:00 AM,9/5/2023 12:00:00 AM,2023,9102,7237,813,972,0.5,60,59.04,11.6,Austraffic,115.833495,-31.9553,12894717.6971,-3756881.1398
238,74,HAYST_THOMAS_OUTRAM,Hay Street,Thomas St,Outram St,West,3/9/2022 12:00:00 AM,3/17/2022 12:00:00 AM,2022,7088,5754,641,663,0.0293,50,43.9,0.0373,Pantagon,115.838161,-31.947414,12895046.3063,-3756408.1104
239,55,KINGPR_OUTRAM_ALTONA,Kings Park Avenue,Outram street,Altona street,Eastbound offside,8/22/2023 12:00:00 AM,9/5/2023 12:00:00 AM,2023,5908,4606,570,611,0.3,60,54.18,2.39,Austraffic,115.838285,-31.952035,12895060.1064,-3757014.3548
240,56,KINGPR_OUTRAM_ALTONA,Kings Park Avenue,Outram street,Altona street,Eastbound Kerbside,8/22/2023 12:00:00 AM,9/5/2023 12:00:00 AM,2023,4458,3513,501,421,0.1,60,56.88,5.18,Austraffic,115.838285,-31.952035,12895060.1064,-3757014.3548
241,57,KINGPR_OUTRAM_ALTONA,Kings Park Avenue,Outram street,Altona street,Westbound Offside,8/22/2023 12:00:00 AM,9/5/2023 12:00:00 AM,2023,8292,6624,760,820,2.3,60,59.89,13.49,Austraffic,115.838285,-31.952035,12895060.1064,-3757014.3548
242,58,KINGPR_OUTRAM_ALTONA,Kings Park Avenue,Outram street,Altona street,Westbound Kerbside,8/22/2023 12:00:00 AM,9/5/2023 12:00:00 AM,2023,3661,2903,349,370,0.2,60,61.02,19.6,Austraffic,115.838285,-31.952035,12895060.1064,-3757014.3548
243,61,MURRAY_THOMAS_OUTRAM,Murray Street,Thomas St,Outram St,East,3/9/2022 12:00:00 AM,3/17/2022 12:00:00 AM,2022,6959,6367,706,458,0.0542,50,52.9,0.2858,Pantagon,115.839622,-31.946368,12895208.9452,-3756270.8861
244,20,MAYFR_OUTRAM_COLNST,Mayfair street,Outram street,Colin street,Eastbound/westbound,10/16/2023 12:00:00 AM,10/23/2023 12:00:00 AM,2023,1318,994,245,121,0.3,50,26.64,0.043,COP,115.8404414,-31.9471422,12895300.1597,-3756372.4528
245,59,WELGTN_THOMAS_OUTRAM,Wellington Street,Thomas St,Outram St,West,3/9/2022 12:00:00 AM,3/17/2022 12:00:00 AM,2022,4076,3794,313,338,0.0717,50,51.3,0.1955,Pantagon,115.840808,-31.945663,12895340.971,-3756178.3983
246,60,WELGTN_THOMAS_OUTRAM,Wellington Street,Thomas St,Outram St,East,3/9/2022 12:00:00 AM,3/17/2022 12:00:00 AM,2022,4213,3874,411,355,0.0339,50,53.6,0.3262,Pantagon,115.840873,-31.945668,12895348.2067,-3756179.0543
247,19,MAYFR_OUTRAM_COLNST,Mayfair street,Outram street,Colin street,Eastbound,10/16/2023 12:00:00 AM,10/23/2023 12:00:00 AM,2023,558,431,21,120,0.5,50,31.5,0.112,COP,115.8417632,-31.9475667,12895447.3014,-3756428.1428
248,59,KINGPR_HAVLCK_FRASAV,Kings Park Avenue,Havelock street,Fresher Avenue,Eastbound Kerbside,8/22/2023 12:00:00 AM,9/5/2023 12:00:00 AM,2023,5112,4022,422,489,0.5,60,60.3,16.11,Austraffic,115.842638,-31.953478,12895544.6798,-3757203.6713
249,60,KINGPR_HAVLCK_FRASAV,Kings Park Avenue,Havelock street,Fresher Avenue,Eastbound offside,8/22/2023 12:00:00 AM,9/5/2023 12:00:00 AM,2023,4794,3801,497,455,0.4,60,63.18,34.37,Austraffic,115.842638,-31.953478,12895544.6798,-3757203.6713
250,61,KINGPR_HAVLCK_FRASAV,Kings Park Avenue,Havelock street,Fresher Avenue,Westbound kerbside,8/22/2023 12:00:00 AM,9/5/2023 12:00:00 AM,2023,5079,4032,520,469,0.4,60,60.12,15.36,Austraffic,115.843555,-31.953842,12895646.7598,-3757251.4273
251,46,RAILWY_THOMAS_SUTHLD,Railway street,Thomas street,Sutherland street,Eastbound/Westbound,11/21/2023 12:00:00 AM,11/28/2023 12:00:00 AM,2023,10929,10224,878,786,0.9,50,47.52,9.06,COP,115.8443197,-31.9442088,12895731.8938,-3755987.6267
252,48,RAILWY_COLNST_PLAIN,Railway Street,Colin St,Plaistowe Mews,West,3/9/2022 12:00:00 AM,3/17/2022 12:00:00 AM,2022,3981,3653,447,308,0.0799,50,48.4,0.0078,Pantagon,115.844733,-31.944236,12895777.9022,-3755991.195
253,47,RAILWY_COLNST_PLAIN,Railway Street,Colin St,Plaistowe Mews,East,3/9/2022 12:00:00 AM,3/17/2022 12:00:00 AM,2022,4382,4142,333,334,0.0678,50,48.6,0.0091,Pantagon,115.844734,-31.944243,12895778.0135,-3755992.1134
254,62,MALCLM_HARVST_ELDER,Macolm street,Harvest street,Elder street,Eastbound Kerbside,8/22/2023 12:00:00 AM,9/5/2023 12:00:00 AM,2023,4210,3343,450,357,0.4,60,62.82,28.08,Austraffic,115.846017,-31.953353,12895920.8287,-3757187.2706
255,64,MALCLM_HARVST_ELDER,Macolm street,Harvest street,Elder street,Westbound kerbside,8/22/2023 12:00:00 AM,9/5/2023 12:00:00 AM,2023,3099,2461,307,301,0.3,60,67.86,58.02,Austraffic,115.846017,-31.953353,12895920.8287,-3757187.2706
256,63,MALCLM_HARVST_ELDER,Macolm street,Harvest street,Elder street,Eastbound Offside,8/22/2023 12:00:00 AM,9/5/2023 12:00:00 AM,2023,6467,5256,557,576,0.3,60,58.5,10.43,Austraffic,115.846382,-31.953487,12895961.4603,-3757204.851
257,65,MALCLM_HARVST_ELDER,Macolm street,Harvest street,Elder street,Westbound offside,8/22/2023 12:00:00 AM,9/5/2023 12:00:00 AM,2023,3195,2532,331,325,0.3,60,60.12,15.39,Austraffic,115.846382,-31.953487,12895961.4603,-3757204.851
258,55,STHLND_ROEST_FWY,Sutherland Street,Roe Street,Mitchell Freeway,North,3/9/2022 12:00:00 AM,3/17/2022 12:00:00 AM,2022,6596,6096,384,768,0.0295,50,52.7,0.0295,Pantagon,115.847523,-31.944901,12896088.4832,-3756078.4337
259,56,STHLND_ROEST_FWY,Sutherland Street,Roe Street,Mitchell Freeway,South,3/9/2022 12:00:00 AM,3/17/2022 12:00:00 AM,2022,245,210,22,31,0.0392,50,48.4,0.0074,Pantagon,115.847955,-31.944163,12896136.5742,-3755981.6186
260,83,STGEOT_ELDER_MILLGN,St Goerges Terrace,Elder street,Milligan street,Eastbound Offside,3/6/2023 12:00:00 AM,3/15/2023 12:00:00 AM,2023,6238,5589,621,484,1.3,40,44.46,33.43,Traffic Logistics,115.849462,-31.952478,12896304.3248,-3757072.4721
261,84,STGEOT_ELDER_MILLGN,St Goerges Terrace,Elder street,Milligan street,Westbound Offside,3/6/2023 12:00:00 AM,3/15/2023 12:00:00 AM,2023,5162,4872,396,459,0.9,40,49.32,55.5,Traffic Logistics,115.849462,-31.952478,12896304.3248,-3757072.4721
262,85,STGEOT_ELDER_MILLGN,St Goerges Terrace,Elder street,Milligan street,Westbound Kerbside,3/6/2023 12:00:00 AM,3/15/2023 12:00:00 AM,2023,1736,1503,152,164,0.1,40,50.76,63.64,Traffic Logistics,115.849462,-31.952478,12896304.3248,-3757072.4721
263,86,STGEOT_ELDER_MILLGN,St Goerges Terrace,Elder street,Milligan street,Eastbound Kerbside,3/6/2023 12:00:00 AM,3/15/2023 12:00:00 AM,2023,3449,3109,316,288,0.1,40,45.54,43.49,Traffic Logistics,115.849462,-31.952478,12896304.3248,-3757072.4721
264,67,MTSBYR_SPRING_OFFNTH,Mounts Bay Road,Spring St,Fwy off ramp,East,3/9/2022 12:00:00 AM,3/17/2022 12:00:00 AM,2022,17246,16037,1642,1229,0.0489,40,50.8,0.0124,Pantagon,115.849876,-31.954823,12896350.4108,-3757380.1318
265,66,MTSBYR_SPRING_OFFNTH,Mounts Bay Road,Spring St,Fwy off ramp,West,3/9/2022 12:00:00 AM,3/17/2022 12:00:00 AM,2022,7174,6687,707,576,0.0438,40,52,0.0155,Pantagon,115.849939,-31.955218,12896357.4239,-3757431.9559
266,71,HAYST_ELDER_MILLGN,Hay street,Elder street,Milligan street,Westbound Offside,3/6/2023 12:00:00 AM,3/15/2023 12:00:00 AM,2023,2854,2514,196,280,0.2,40,41.22,18.45,Traffic Logistics,115.850435,-31.95138,12896412.6387,-3756928.419
267,72,HAYST_ELDER_MILLGN,Hay street,Elder street,Milligan street,Westbound Kerbside,3/6/2023 12:00:00 AM,3/15/2023 12:00:00 AM,2023,2851,2572,165,324,0.1,40,42.48,24.14,Traffic Logistics,115.850435,-31.95138,12896412.6387,-3756928.419
268,81,SPRING_MTSBYR_MOUNT,Spring street,Mounts Bay Road,Mounts street,Northbound,3/6/2023 12:00:00 AM,3/15/2023 12:00:00 AM,2023,4101,4015,338,288,0.4,40,33.66,1.97,Traffic Logistics,115.851301,-31.953679,12896509.0405,-3757230.0401
269,82,SPRING_MTSBYR_MOUNT,Spring street,Mounts Bay Road,Mounts street,Southbound,3/6/2023 12:00:00 AM,3/15/2023 12:00:00 AM,2023,3969,3542,352,392,0.4,40,35.1,2.558,Traffic Logistics,115.851301,-31.953679,12896509.0405,-3757230.0401
270,91,WELGTN_ELDER_MILLGN,Wellington street,Elder street,Milligan street,Eastbound Offside,3/6/2023 12:00:00 AM,3/15/2023 12:00:00 AM,2023,6463,5981,775,537,0.2,50,52.02,23.78,Traffic Logistics,115.851423,-31.948935,12896522.6232,-3756607.6507
271,92,WELGTN_ELDER_MILLGN,Wellington street,Elder street,Milligan street,Eastbound Kerbside,3/6/2023 12:00:00 AM,3/15/2023 12:00:00 AM,2023,3776,3612,392,292,0.6,50,51.12,18.58,Traffic Logistics,115.851423,-31.948935,12896522.6232,-3756607.6507
272,93,WELGTN_ELDER_MILLGN,Wellington street,Elder street,Milligan street,Westbound Kerbside,3/6/2023 12:00:00 AM,3/15/2023 12:00:00 AM,2023,5599,5575,372,398,0.3,50,45.18,5.456,Traffic Logistics,115.851467,-31.948925,12896527.5212,-3756606.3387
273,94,WELGTN_ELDER_MILLGN,Wellington street,Elder street,Milligan street,Westbound Offside,3/6/2023 12:00:00 AM,3/15/2023 12:00:00 AM,2023,7054,6943,362,762,0.3,50,48.42,10.7,Traffic Logistics,115.851467,-31.948925,12896527.5212,-3756606.3387
274,77,MTSBYR_MILL_WILLIAM,Mounts Bay Road,Mill street,William street,Eastbound Offside,3/6/2023 12:00:00 AM,3/15/2023 12:00:00 AM,2023,7932,7310,751,467,0.3,40,46.08,33.84,Traffic Logistics,115.851565,-31.957025,12896538.4281,-3757669.0378
275,78,MTSBYR_MILL_WILLIAM,Mounts Bay Road,Mill street,William street,Westbound Kerbside,3/6/2023 12:00:00 AM,3/15/2023 12:00:00 AM,2023,1275,1242,110,131,0.8,40,50.04,69.54,Traffic Logistics,115.851565,-31.957025,12896538.4281,-3757669.0378
276,79,MTSBYR_MILL_WILLIAM,Mounts Bay Road,Mill street,William street,Eastbound  Kerbside,3/6/2023 12:00:00 AM,3/15/2023 12:00:00 AM,2023,4309,4356,536,523,0.2,40,45.18,33.78,Traffic Logistics,115.851565,-31.957025,12896538.4281,-3757669.0378
277,80,MTSBYR_MILL_WILLIAM,Mounts Bay Road,Mill street,William street,Westbound Kerbside,3/6/2023 12:00:00 AM,3/15/2023 12:00:00 AM,2023,869,816,100,87,0.4,40,50.94,77.55,Traffic Logistics,115.851565,-31.957025,12896538.4281,-3757669.0378
278,75,MILL_STGEOT_MTSBYR,Mill street,St Goerges Terrace,Mounts Bay Road,Southbound,3/6/2023 12:00:00 AM,3/15/2023 12:00:00 AM,2023,3807,3361,305,328,4.6,40,36.18,6.515,Traffic Logistics,115.852447,-31.95454,12896636.6117,-3757343.0026
279,76,MILL_STGEOT_MTSBYR,Mill street,St Goerges Terrace,Mounts Bay Road,Northbound,3/6/2023 12:00:00 AM,3/15/2023 12:00:00 AM,2023,3026,2715,323,212,2.4,40,38.16,0.091,Traffic Logistics,115.852447,-31.95454,12896636.6117,-3757343.0026
280,17,HAYST_MILLGN_KINGST,Hay Street,Milligan Street,King Street,Westbound,10/16/2023 12:00:00 AM,10/23/2023 12:00:00 AM,2023,4456,4116,252,516,0.6,40,37.08,7.496,COP,115.8525641,-31.9520924,12896649.6476,-3757021.8826
281,58,FTZGLD_ABDEEN_NWCSTL,Fitzgerald Street,Aberdeen St,Newcastle St,South,3/9/2022 12:00:00 AM,3/17/2022 12:00:00 AM,2022,7268,7023,975,419,0.0542,50,48.1,0.0985,Pantagon,115.853781,-31.943766,12896785.1192,-3755929.5366
282,57,FTZGLD_ABDEEN_NWCSTL,Fitzgerald Street,Aberdeen St,Newcastle St,North,3/9/2022 12:00:00 AM,3/17/2022 12:00:00 AM,2022,8295,8075,500,815,0.0507,50,45.2,0.0551,Pantagon,115.853786,-31.943853,12896785.6757,-3755940.9498
283,99,WILLIAM_ESPLND_RIVDV,Wiliam street,The Esplanade,Riverside Drive,Southbound,3/6/2023 12:00:00 AM,3/15/2023 12:00:00 AM,2023,13737,13672,864,622,0.4,40,41.94,23.66,Traffic Logistics,115.855431,-31.957152,12896968.7866,-3757685.7014
284,100,WILLIAM_ESPLND_RIVDV,Wiliam street,The Esplanade,Riverside Drive,Northbound,3/6/2023 12:00:00 AM,3/15/2023 12:00:00 AM,2023,7508,7396,652,400,0.8,40,40.68,16.69,Traffic Logistics,115.855431,-31.957152,12896968.7866,-3757685.7014
285,16,HAYST_KINGST_WILIAM,Hay Street,King Street,William Street,Westbound,10/16/2023 12:00:00 AM,10/23/2023 12:00:00 AM,2023,4147,3807,276,375,0.7,40,29.52,1.077,COP,115.8558367,-31.9531855,12897013.9494,-3757165.2941
286,64,ESPLND_HOWDST_SHERWD,The Esplanade,Howard St,Sherwood Court,East,3/9/2022 12:00:00 AM,3/17/2022 12:00:00 AM,2022,13365,12620,1208,962,0.0408,40,46.1,0.0621,Pantagon,115.857161,-31.956453,12897161.3683,-3757593.9909
287,65,ESPLND_HOWDST_SHERWD,The Esplanade,Howard St,Sherwood Court,West,3/9/2022 12:00:00 AM,3/17/2022 12:00:00 AM,2022,8594,8319,713,583,0.041,40,45.5,0.0547,Pantagon,115.85729,-31.956548,12897175.7284,-3757606.4551
288,62,STGEOT_HOWDST_SHERWD,St Georges Terrace,Howard St,Sherwood Court,West,3/9/2022 12:00:00 AM,3/17/2022 12:00:00 AM,2022,8450,7850,726,655,0.1214,40,43.2,0.03,Pantagon,115.857838,-31.955312,12897236.7314,-3757444.2898
289,63,STGEOT_HOWDST_SHERWD,St Georges Terrace,Howard St,Sherwood Court,East,3/9/2022 12:00:00 AM,3/17/2022 12:00:00 AM,2022,8592,8195,654,662,0.1254,40,41.6,0.0219,Pantagon,115.858038,-31.955498,12897258.9951,-3757468.6932
290,66,BARRACK_ESPLND_RIVDV,Barrack street,The Esplanade,Riverside Drive,Northbound Kerbside,3/6/2023 12:00:00 AM,3/15/2023 12:00:00 AM,2023,3537,3399,433,336,0.5,40,45.9,42.11,Traffic Logistics,115.858528,-31.958097,12897313.5408,-3757809.6901
291,67,BARRACK_ESPLND_RIVDV,Barrack street,The Esplanade,Riverside Drive,Northbound offside,3/6/2023 12:00:00 AM,3/15/2023 12:00:00 AM,2023,6267,6359,523,439,0.7,40,43.2,28.14,Traffic Logistics,115.858528,-31.958097,12897313.5408,-3757809.6901
292,68,BARRACK_ESPLND_RIVDV,Barrack street,The Esplanade,Riverside Drive,Southbound,3/6/2023 12:00:00 AM,3/15/2023 12:00:00 AM,2023,10363,10193,424,845,0.7,40,41.58,21.92,Traffic Logistics,115.858528,-31.958097,12897313.5408,-3757809.6901
293,101,WILLIAM_ROEST_JAMES,Wiliam street,Roe street,James street,Northbound,3/6/2023 12:00:00 AM,3/15/2023 12:00:00 AM,2023,3984,3878,145,325,0.5,40,30.86,1.365,Traffic Logistics,115.859266,-31.949401,12897395.6966,-3756668.7855
294,102,WILLIAM_ROEST_JAMES,Wiliam street,Roe street,James street,Southbound,3/6/2023 12:00:00 AM,3/15/2023 12:00:00 AM,2023,4680,4483,370,259,0.6,40,32.29,2.255,Traffic Logistics,115.859266,-31.949401,12897395.6966,-3756668.7855
295,36,LAW_JMS_WLM_108,laneway,James Street,William Street,Northbound/Southbound,7/20/2022 12:00:00 AM,7/27/2022 12:00:00 AM,2022,99,108,7,13,6.5,40,18.18,0,COP,115.8597754,-31.9490873,12897452.4027,-3756627.6302
296,40,ABN_VTL_LNW_112,Aberdeen Street,Via Torre Lane,Lion Walk,Eastbound/Westbound,8/4/2022 12:00:00 AM,8/15/2022 12:00:00 AM,2022,5739,5777,369,493,15.1,40,45.18,33.29,COP,115.859796,-31.9469175,12897454.6979,-3756342.9715
297,53,WELGTN_WILIAM_BEAUFT,Wellington Street,William St,Beaufort St,East,3/9/2022 12:00:00 AM,3/17/2022 12:00:00 AM,2022,7784,7387,681,653,0.1336,40,45,0.3521,Pantagon,115.860091,-31.951805,12897487.5336,-3756984.1769
298,37,LAW_FCS_NWC_109,laneway,Francis Street,Aberdeen Street,Northbound/Southbound,7/20/2022 12:00:00 AM,7/27/2022 12:00:00 AM,2022,49,47,4,4,8.8,40,20.94,0.303,COP,115.8603403,-31.9480537,12897515.2877,-3756492.0301
299,54,WELGTN_WILIAM_BEAUFT,Wellington Street,William St,Beaufort St,West,3/9/2022 12:00:00 AM,3/17/2022 12:00:00 AM,2022,8425,8016,714,610,0.1328,40,45.4,0.4144,Pantagon,115.860388,-31.951977,12897520.5953,-3757006.7426
300,15,FCS_MUS_WLM_87,Francis St,Museum St,William St,Westbound/Eastbound,3/9/2022 12:00:00 AM,3/16/2022 12:00:00 AM,2022,2767,2993,154,223,3.62,40,40.14,15.7,COP,115.8604477,-31.9483167,12897527.2431,-3756526.5334
301,79,FRANCS_MUSEUM_WILIAM,Francis St,Museum St,William St,Westbound/Eastbound,3/9/2022 12:00:00 AM,3/16/2022 12:00:00 AM,2022,2767,2993,154,223,3.62,40,40.14,15.7,COP,115.8604477,-31.9483167,12897527.2431,-3756526.5334
302,38,NWC_VTL_ETI_110,Newcastle Street,Via Torre Lane,Errichetti Place,Eastbound,8/4/2022 12:00:00 AM,8/15/2022 12:00:00 AM,2022,5915,6030,381,441,3.4,50,41.22,1.693,COP,115.8605229,-31.9460301,12897535.6164,-3756226.5542
303,39,NWC_VTL_ETI_110,Newcastle Street,Via Torre Lane,Errichetti Place,Westbound,8/4/2022 12:00:00 AM,8/15/2022 12:00:00 AM,2022,5510,5578,340,387,3.9,50,42.66,2.018,COP,115.8605229,-31.9460301,12897535.6164,-3756226.5542
304,51,WILIAM_ABDEEN_NWCSTL,William Street,Aberdeen St,Newcastle St,North,3/9/2022 12:00:00 AM,3/17/2022 12:00:00 AM,2022,3634,3747,211,301,0.0409,40,35.3,0.0434,Pantagon,115.860833,-31.94681,12897570.1356,-3756328.8684
305,52,WILIAM_ABDEEN_NWCSTL,William Street,Aberdeen St,Newcastle St,South,3/9/2022 12:00:00 AM,3/17/2022 12:00:00 AM,2022,3937,3896,438,238,0.0272,40,40.1,0.1532,Pantagon,115.860855,-31.946812,12897572.5846,-3756329.1307
306,15,ABDEEN_WILIAM_MUSEUM,Aberdeen Street,Museum Street,William Street,Eastbound/Westbound,10/16/2023 12:00:00 AM,10/23/2023 12:00:00 AM,2023,4710,4718,408,414,0.9,40,39.24,12.74,COP,115.8610982,-31.9474766,12897599.6568,-3756416.3197
307,1,HAY_BAK_PIR_73,Hay Street,Barrack Street,Pier Street,Westbound,2/14/2022 12:00:00 AM,2/28/2022 12:00:00 AM,2022,2023,1991,154,175,12.52,40,33.3,11.38,COP,115.8616809,-31.9550915,12897664.5187,-3757415.3606
308,2,HAY_BAK_PIR_74,Hay Street,Barrack Street,Pier Street,Eastbound,2/14/2022 12:00:00 AM,2/28/2022 12:00:00 AM,2022,1536,1437,115,111,6.9,40,30.78,0.75,COP,115.8616809,-31.9550915,12897664.5187,-3757415.3606
309,14,ABDEEN_MUSEUM_WILIAM,Aberdeen Street,Museum Street,William Street,Eastbound/Westbound,10/16/2023 12:00:00 AM,10/23/2023 12:00:00 AM,2023,4424,4459,369,385,0.4,40,45.9,37.31,COP,115.861786,-31.947827,12897676.2215,-3756462.2887
310,16,ABN_MUS_WLM_88,Aberdeen Street,Museum St,William St,Westbound,3/9/2022 12:00:00 AM,3/16/2022 12:00:00 AM,2022,2290,2218,146,228,6.7,40,40.5,16.84,COP,115.8617862,-31.9478269,12897676.2438,-3756462.2757
311,17,ABN_MUS_WLM_89,Aberdeen Street,Museum St,William St,Eastbound,3/9/2022 12:00:00 AM,3/16/2022 12:00:00 AM,2022,2420,2343,212,177,6.4,40,40.5,17.11,COP,115.8617862,-31.9478269,12897676.2438,-3756462.2757
312,80,ABDEEN_MUSEUM_WILIAM,Aberdeen Street,Museum St,William St,Westbound,3/9/2022 12:00:00 AM,3/16/2022 12:00:00 AM,2022,2290,2218,146,228,6.7,40,40.5,16.84,COP,115.8617862,-31.9478269,12897676.2438,-3756462.2757
313,81,ABDEEN_MUSEUM_WILIAM,Aberdeen Street,Museum St,William St,Eastbound,3/9/2022 12:00:00 AM,3/16/2022 12:00:00 AM,2022,2420,2343,212,177,6.4,40,40.5,17.11,COP,115.8617862,-31.9478269,12897676.2438,-3756462.2757
314,69,BEAUFT_ROEST_JAMES,Beauford street,Roe street,James street,Northbound,3/6/2023 12:00:00 AM,3/15/2023 12:00:00 AM,2023,6587,6945,348,642,1.5,50,43.56,2.383,Traffic Logistics,115.861846,-31.950668,12897682.8986,-3756835.008
315,70,BEAUFT_ROEST_JAMES,Beauford street,Roe street,James street,Southbound,3/6/2023 12:00:00 AM,3/15/2023 12:00:00 AM,2023,5664,5729,545,305,1.1,50,44.1,3.256,Traffic Logistics,115.861846,-31.950668,12897682.8986,-3756835.008
316,24,RIVSDR_GOVNRS_VICTAV,Riverside Drive,Governors Avenue,Victoria Avenue,Eastbound Offside,8/21/2023 12:00:00 AM,8/28/2023 12:00:00 AM,2023,1258,1335,73,156,0.2,60,64.98,44.83,COP,115.8619331,-31.9597041,12897692.5919,-3758020.5525
317,25,RIVSDR_GOVNRS_VICTAV,Riverside Drive,Governors Avenue,Victoria Avenue,Eastbound kerbside,8/21/2023 12:00:00 AM,8/28/2023 12:00:00 AM,2023,3514,3858,229,311,0.3,60,58.86,10.39,COP,115.8619331,-31.9597041,12897692.5919,-3758020.5525
318,3,HAY_BAK_PIR_75,Hay Street,Barrack Street,Pier Street,Westbound/Eastbound,2/14/2022 12:00:00 AM,2/28/2022 12:00:00 AM,2022,3074,3008,232,248,9.8,40,24.84,0.824,COP,115.8619737,-31.9551883,12897697.1127,-3757428.0608
319,9,PIR_HAY_SGT_81,Pier Street,Hay Street,St Georges Terrace,Northbound/Southbound,2/14/2022 12:00:00 AM,2/28/2022 12:00:00 AM,2022,1924,1582,143,180,4.4,40,26.82,0.571,COP,115.8620894,-31.955565,12897709.9922,-3757477.4843
320,10,PIR_HAY_MRY_82,Pier Street,Hay Street,Murray Street,Southbound,2/14/2022 12:00:00 AM,2/28/2022 12:00:00 AM,2022,1388,1296,101,124,14,40,26.64,0.104,COP,115.8623705,-31.9549783,12897741.2842,-3757400.5086
321,26,RIVSDR_VICTAV_GOVNRS,Riverside Drive,Victoria Avenue,Governors Avenue,Westbound offside,8/22/2023 12:00:00 AM,8/29/2023 12:00:00 AM,2023,2920,2992,250,2667,3.8,60,60.48,16.75,COP,115.8627477,-31.9600592,12897783.2721,-3758067.1445
322,27,RIVSDR_VICTAV_GOVNRS,Riverside Drive,Victoria Avenue,Governors Avenue,Westbound kerbside,8/22/2023 12:00:00 AM,8/29/2023 12:00:00 AM,2023,3626,3775,330,319,0.6,60,67.96,8.136,COP,115.8627477,-31.9600592,12897783.2721,-3758067.1445
323,47,TERRAC_GOVNRS_VICTAV,Terrace road,Governors Avenue,Victoria Avenue,Westbound/Eastbound,11/21/2023 12:00:00 AM,11/28/2023 12:00:00 AM,2023,3044,2787,252,212,0.8,50,44.46,5.812,COP,115.8630388,-31.9588715,12897815.6773,-3757911.31
324,8,IRW_HAY_SGT_80,Irwin Street,Hay Street,St Georges Terrace,Southbound/Northbound,2/14/2022 12:00:00 AM,2/28/2022 12:00:00 AM,2022,1504,1364,116,126,8.2,40,27.18,0.026,COP,115.8633528,-31.9559991,12897850.6323,-3757534.4392
325,41,BFT_ABN_NWC_100,Beaufort  Street,Aberdeen St,Newcastle St,North,3/9/2022 12:00:00 AM,3/17/2022 12:00:00 AM,2022,4102,4119,216,436,0.117,50,43.2,0.0022,Pantagon,115.863539,-31.947969,12897871.3633,-3756480.9176
326,42,BFT_ABN_NWC_101,Beaufort  Street,Aberdeen St,Newcastle St,South,3/9/2022 12:00:00 AM,3/17/2022 12:00:00 AM,2022,4131,4100,448,224,0.107,50,43.7,0.0027,Pantagon,115.863556,-31.947988,12897873.2556,-3756483.4102
327,88,STGEOT_IRWIN_VICTAV,St Goerges Terrace,Irwin street,Victoria Avenue,Eastbound Offside,3/6/2023 12:00:00 AM,3/15/2023 12:00:00 AM,2023,6439,6128,385,496,1.1,40,50.58,64.57,Traffic Logistics,115.863854,-31.957094,12897906.425,-3757678.0933
328,89,STGEOT_IRWIN_VICTAV,St Goerges Terrace,Irwin street,Victoria Avenue,Westbound Kerbside,3/6/2023 12:00:00 AM,3/15/2023 12:00:00 AM,2023,1261,1298,94,80,0.1,40,54.18,87.33,Traffic Logistics,115.863854,-31.957094,12897906.425,-3757678.0933
329,90,STGEOT_IRWIN_VICTAV,St Goerges Terrace,Irwin street,Victoria Avenue,Westbound Offside,3/6/2023 12:00:00 AM,3/15/2023 12:00:00 AM,2023,6540,6204,506,440,1.6,40,51.12,72.32,Traffic Logistics,115.863854,-31.957094,12897906.425,-3757678.0933
330,4,HAY_IRW_VIC_76,Hay Street,Irwin Street,Victoria Avenue,Westbound,2/14/2022 12:00:00 AM,2/28/2022 12:00:00 AM,2022,2806,2705,264,217,6.5,40,22.14,0.01,COP,115.8638763,-31.9557994,12897908.9078,-3757508.2382
331,5,HAY_IRW_VIC_77,Hay Street,Irwin Street,Victoria Avenue,Eastbound,2/14/2022 12:00:00 AM,2/28/2022 12:00:00 AM,2022,823,766,60,67,4.5,40,24.66,0.228,COP,115.8638763,-31.9557994,12897908.9078,-3757508.2382
332,87,STGEOT_IRWIN_VICTAV,St Goerges Terrace,Irwin street,Victoria Avenue,Eastbound Kerbside,3/6/2023 12:00:00 AM,3/15/2023 12:00:00 AM,2023,4681,4559,257,410,0.2,40,51.66,77.34,Traffic Logistics,115.864017,-31.95719,12897924.5699,-3757690.6889
333,33,MUR_IRW_VSQ_105,Murray Street,Irwin Street,Victoria Square,Eastbound,6/23/2022 12:00:00 AM,7/8/2022 12:00:00 AM,2022,2343,2174,170,179,11.9,40,37.26,7.785,COP,115.8641707,-31.9546189,12897941.6804,-3757353.3554
334,34,MUR_IRW_VSQ_106,Murray Street,Irwin Street,Victoria Square,Eastbound,6/23/2022 12:00:00 AM,7/8/2022 12:00:00 AM,2022,2318,2148,169,177,10.2,40,36.36,5.925,COP,115.8646582,-31.9547836,12897995.9483,-3757374.9642
335,6,HAY_IRW_VIC_78,Hay Street,Irwin Street,Victoria Avenue,Westbound,2/14/2022 12:00:00 AM,2/28/2022 12:00:00 AM,2022,3505,3239,353,275,6.9,40,38.38,10.37,COP,115.8647992,-31.9560959,12898011.6438,-3757547.1397
336,7,HAYT_IRW_VIC_79,Hay Street,Irwin Street,Victoria Avenue,Eastbound,2/14/2022 12:00:00 AM,2/28/2022 12:00:00 AM,2022,978,887,66,86,3.7,40,35.2,4.943,COP,115.8647992,-31.9560959,12898011.6438,-3757547.1397
337,73,HAYST_IRWIN_VICTAV,Hay street,Irwin street,Victoria Avenue,Westbound,3/6/2023 12:00:00 AM,3/15/2023 12:00:00 AM,2023,4028,3697,414,269,0.4,40,38.16,9.525,Traffic Logistics,115.865199,-31.956224,12898056.1492,-3757563.9469
338,74,HAYST_IRWIN_VICTAV,Hay street,Irwin street,Victoria Avenue,Eastbound,3/6/2023 12:00:00 AM,3/15/2023 12:00:00 AM,2023,1208,1111,85,100,0.4,40,36,6.01,Traffic Logistics,115.865199,-31.956224,12898056.1492,-3757563.9469
339,35,MUR_IRW_VSQ_107,Murray Street,Irwin Street,Victoria Square,Eastbound,6/23/2022 12:00:00 AM,7/8/2022 12:00:00 AM,2022,2459,2274,182,187,9.3,40,28.62,0.056,COP,115.8652401,-31.955175,12898060.7247,-3757426.3162
340,50,TERRAC_VICTAV_HILL,Terrace road,Victoria Avenue,Hill Street,Eastbound/Westbound,11/21/2023 12:00:00 AM,11/28/2023 12:00:00 AM,2023,5924,5492,486,457,0.6,50,54.18,25.7,COP,115.86591,-31.9597946,12898135.2963,-3758032.4278
341,95,WELGTN_PIER_LORD,Wellington street,Pier street,Lord street,Westbound Offside,3/6/2023 12:00:00 AM,3/15/2023 12:00:00 AM,2023,4621,4334,455,290,0.6,50,51.84,23.05,Traffic Logistics,115.866195,-31.953819,12898167.0241,-3757248.4089
342,96,WELGTN_PIER_LORD,Wellington street,Pier street,Lord street,Westbound kerbside,3/6/2023 12:00:00 AM,3/15/2023 12:00:00 AM,2023,3251,3249,260,202,0.1,50,52.74,28.22,Traffic Logistics,115.866195,-31.953819,12898167.0241,-3757248.4089
343,97,WELGTN_PIER_LORD,Wellington street,Lord street,Pier street,Eadtbound Offside,3/6/2023 12:00:00 AM,3/15/2023 12:00:00 AM,2023,4371,4181,326,386,1.3,50,54.72,3.77,Traffic Logistics,115.866195,-31.953819,12898167.0241,-3757248.4089
344,98,WELGTN_PIER_LORD,Wellington street,Lord street,Pier street,Eadtbound Offside,3/6/2023 12:00:00 AM,3/15/2023 12:00:00 AM,2023,2889,2884,152,308,0.1,50,54.9,41.06,Traffic Logistics,115.866195,-31.953819,12898167.0241,-3757248.4089
345,32,RIVSDV_PLAIN_VICTAV,Riverside Drive,Plain street,Victoria Avenue,Westbound Kerside,8/22/2023 12:00:00 AM,8/29/2023 12:00:00 AM,2023,2429,2518,271,186,0.5,60,62.82,30.29,COP,115.8683289,-31.9620513,12898404.5665,-3758328.5281
346,33,RIVSDV_PLAIN_VICTAV,Riverside Drive,Plain street,Victoria Avenue,Westbound Offside,8/22/2023 12:00:00 AM,8/29/2023 12:00:00 AM,2023,3051,3088,386,249,0.3,60,64.8,46.86,COP,115.8683289,-31.9620513,12898404.5665,-3758328.5281
347,34,RIVSDV_VICTAV_PLAIN,Riverside Drive,Victoria Avenue,Plain street,Eastbound kerbside,8/22/2023 12:00:00 AM,8/29/2023 12:00:00 AM,2023,3272,3257,177,358,0.5,60,64.98,47.7,COP,115.8683289,-31.9620513,12898404.5665,-3758328.5281
348,35,RIVSDV_VICTAV_PLAIN,Riverside Drive,Victoria Avenue,Plain street,Eastbounf Offside,8/22/2023 12:00:00 AM,8/29/2023 12:00:00 AM,2023,1931,1882,110,282,0.2,60,64.44,44.61,COP,115.8683289,-31.9620513,12898404.5665,-3758328.5281
349,31,RYL_LRD_LIM_103,Royal Street,Lord St,Lime St,Eastbound/Westbound,6/22/2022 12:00:00 AM,7/6/2022 12:00:00 AM,2022,2520,2215,331,299,3.2,50,47.7,8.471,COP,115.8693233,-31.951936,12898515.2651,-3757001.3633
350,43,ROYAL-LORD-LIME,Royal street,Lord street,Lime street,Eastbound/Westbound,11/7/2023 12:00:00 AM,11/14/2023 12:00:00 AM,2023,2980,2524,377,330,0.4,50,44.46,1.026,COP,115.8693233,-31.951936,12898515.2651,-3757001.3633
351,49,TERRAC_HILL_BENNET,Terrace road,Hill street,Bennett street,Eastbound/Westbound,11/21/2023 12:00:00 AM,11/28/2023 12:00:00 AM,2023,5747,5400,450,509,0.3,50,49.14,12.8,COP,115.8702591,-31.9612162,12898619.4358,-3758218.9548
352,27,RYL_LIM_HIL_99,Royal Street,Lime St,Hill St,Eastbound,6/22/2022 12:00:00 AM,7/6/2022 12:00:00 AM,2022,870,753,149,56,24.4,50,40.68,2.354,COP,115.87039,-31.952027,12898634.0095,-3757013.3021
353,28,RYL_LIM_HIL_100,Royal Street,Lime St,Hill St,Westbound,6/22/2022 12:00:00 AM,7/6/2022 12:00:00 AM,2022,2236,1914,229,336,8.6,50,50.04,15.35,COP,115.87039,-31.952027,12898634.0095,-3757013.3021
354,42,ROYAL-LIME-HILLST,Royal street,Lime street,Hill Street,Eastbound/Westbound,11/7/2023 12:00:00 AM,11/14/2023 12:00:00 AM,2023,3523,3044,413,369,0.9,50,39.24,0.91,COP,115.87039,-31.952027,12898634.0095,-3757013.3021
355,36,BENNET-TERRAC-ADELAD,Bennett street,Terrace Road,Adelaide Terrace,Southbound/Northbound,11/7/2023 12:00:00 AM,11/14/2023 12:00:00 AM,2023,3243,3129,310,261,0.5,50,43.92,3.141,COP,115.8708502,-31.960747,12898685.237,-3758157.3914
356,48,TERRAC_BENNET_PLAIN,Terrace road,Bennett street,Plain street,Eastbound/Westbound,11/21/2023 12:00:00 AM,11/28/2023 12:00:00 AM,2023,5298,4976,408,522,0.6,50,49.68,14.05,COP,115.8716164,-31.9615855,12898770.5299,-3758267.4109
357,29,RYL_LIM_FDR_101,Royal Street,Hill St,Fielder St,Westbound,6/22/2022 12:00:00 AM,7/6/2022 12:00:00 AM,2022,1445,1220,280,88,14.6,50,43.56,2.576,COP,115.871894,-31.9520738,12898801.4338,-3757019.4421
358,30,RYL_LIM_FDR_102,Royal Street,Hill St,Fielder St,Eastbound,6/22/2022 12:00:00 AM,7/6/2022 12:00:00 AM,2022,987,873,75,160,8.7,50,47.88,8.9,COP,115.871894,-31.9520738,12898801.4338,-3757019.4421
359,40,ROYAL-HILLST-FIELDR,Royal street,Hill street,Fielder street,Eastbound,11/7/2023 12:00:00 AM,11/14/2023 12:00:00 AM,2023,3072,2650,240,433,0.3,50,42.12,1.644,COP,115.8719644,-31.9520924,12898809.2706,-3757021.8824
360,41,ROYAL-HILLST-FIELDR,Royal street,Hill street,Fielder street,Westbound,11/7/2023 12:00:00 AM,11/14/2023 12:00:00 AM,2023,1575,1338,268,1338,0.3,50,39.34,0.715,COP,115.8719644,-31.9520924,12898809.2706,-3757021.8824
361,12,ROYAL_FIELDER_HILLST,Royal Street,Fielder Street,Hill Street,Westbound,2/20/2023 12:00:00 AM,2/27/2023 12:00:00 AM,2023,1561,1252,226,95,0.5,50,39.78,0.76,COP,115.8720764,-31.9520937,12898821.7384,-3757022.0529
362,13,ROYAL_FIELDER_HILLST,Royal Street,Fielder Street,Hill Street,Eastbound,2/20/2023 12:00:00 AM,2/27/2023 12:00:00 AM,2023,2898,2358,195,424,0.5,50,45,4.56,COP,115.8720764,-31.9520937,12898821.7384,-3757022.0529
363,32,RYL_FDR_BRK_104,Royal Street,Fielder St,Brook St,Eastbound/Westbound,6/22/2022 12:00:00 AM,7/6/2022 12:00:00 AM,2022,3446,3030,377,420,14.2,50,47.34,7.8,COP,115.8733444,-31.9523065,12898962.8913,-3757049.9715
364,39,ROYAL-FIELDR-BROOK,Royal Street,Fielder Street,Brook street,Eastbound/Westbound,11/7/2023 12:00:00 AM,11/14/2023 12:00:00 AM,2023,4164,3600,451,459,0.4,50,43.2,2.016,COP,115.8734255,-31.9523412,12898971.9194,-3757054.5241
365,28,RIVSDV_CAUSWY_PLAIN,Riverside Drive,Causeway,Plain street,Westbound kerbside,8/22/2023 12:00:00 AM,8/29/2023 12:00:00 AM,2023,1619,1634,193,107,0.8,60,63,31.45,COP,115.8746839,-31.964101,12899112.0024,-3758597.4759
366,29,RIVSDV_CAUSWY_PLAIN,Riverside Drive,Causeway,Plain street,Westbound offside,8/22/2023 12:00:00 AM,8/29/2023 12:00:00 AM,2023,4321,4277,533,354,0.2,60,61.74,24.77,COP,115.874684,-31.964101,12899112.0136,-3758597.4759
367,73,RIVSDV_PLAIN_CAUSWY,Riverside Drive,Plain St,Causeway,West,3/9/2022 12:00:00 AM,3/17/2022 12:00:00 AM,2022,6943,6534,957,452,0.0359,60,62.5,0.3004,Pantagon,115.874784,-31.964191,12899123.1455,-3758609.2852
368,30,RIVSDV_PLAIN_CAUSW,Riverside Drive,Plain street,Causeway,Eastbound kerbside,8/22/2023 12:00:00 AM,8/29/2023 12:00:00 AM,2023,3848,3825,210,463,0.2,60,60.12,15.52,COP,115.8750353,-31.964049,12899151.1201,-3758590.6529
369,31,RIVSDV_PLAIN_CAUSWY,Riverside Drive,Plain street,Causeway,Eastbounf Offside,8/22/2023 12:00:00 AM,8/29/2023 12:00:00 AM,2023,2295,2249,135,321,0.1,60,63,34.1,COP,115.8750353,-31.964049,12899151.1201,-3758590.6529
370,72,RIVSDV_PLAIN_CAUSWY,Riverside Drive,Plain St,Causeway,East,3/9/2022 12:00:00 AM,3/17/2022 12:00:00 AM,2022,6741,6344,360,790,0.0343,60,63.7,0.3748,Pantagon,115.875248,-31.963975,12899174.7979,-3758580.9431
371,11,HAY_HAL_PLN_83,Hay Street,Hale St,Plain St,Eastbound,3/9/2022 12:00:00 AM,3/16/2022 12:00:00 AM,2022,2344,2140,296,293,11.7,50,50.94,18.65,COP,115.8764268,-31.9598648,12899306.0218,-3758041.6401
372,12,HAY_HAL_PLN_84,Hay Street,Hale St,Plain St,Westbound,3/9/2022 12:00:00 AM,3/16/2022 12:00:00 AM,2022,4791,4449,341,516,4.8,50,53.64,36.39,COP,115.8764268,-31.9598648,12899306.0218,-3758041.6401
373,75,HAYST_HALE_PLAIN,Hay Street,Hale St,Plain St,Eastbound,3/9/2022 12:00:00 AM,3/16/2022 12:00:00 AM,2022,2344,2140,296,293,11.7,50,50.94,18.65,COP,115.8764268,-31.9598648,12899306.0218,-3758041.6401
374,76,HAYST_HALE_PLAIN,Hay Street,Hale St,Plain St,Westbound,3/9/2022 12:00:00 AM,3/16/2022 12:00:00 AM,2022,4791,4449,341,516,4.8,50,53.64,36.39,COP,115.8764268,-31.9598648,12899306.0218,-3758041.6401
375,68,ESTPRD_GRMFFW_KENSTN,East Parade,Freeway,Kensington St,South,3/9/2022 12:00:00 AM,3/17/2022 12:00:00 AM,2022,14785,13704,1730,938,0.0275,60,56.9,0.066,Pantagon,115.876809,-31.949054,12899348.5689,-3756623.2598
376,69,ESTPRD_GRMFFW_KENSTN,East Parade,Freeway,Kensington St,North,3/9/2022 12:00:00 AM,3/17/2022 12:00:00 AM,2022,14172,13161,920,1612,0.0295,60,52.6,0.0255,Pantagon,115.876818,-31.949867,12899349.5706,-3756729.9199
377,13,HAY_CWY_TTY_85,Hay Street,Causeway,Trinity Ave,Northbound,3/9/2022 12:00:00 AM,3/16/2022 12:00:00 AM,2022,2364,2181,307,184,4.3,50,47.17,5.162,COP,115.8793829,-31.9617768,12899635.0935,-3758292.5131
378,77,HAYST_CAUSWY_TRINTY,Hay Street,Causeway,Trinity Ave,Northbound,3/9/2022 12:00:00 AM,3/16/2022 12:00:00 AM,2022,2364,2181,307,184,4.3,50,47.17,5.162,COP,115.8793829,-31.9617768,12899635.0935,-3758292.5131
379,22,ROYAL-HAIGPC-TRAFGR,Royal street,Haig Park Circle,Trafalgar road,Eastbound/Westbound,10/16/2023 12:00:00 AM,10/23/2023 12:00:00 AM,2023,2936,2744,268,290,0.5,50,40.32,0.651,COP,115.8795195,-31.9531409,12899650.2997,-3757159.4427
380,14,HAY_CWY_TTY_86,Hay Street,Causeway,Trinity Ave,Southbound,3/9/2022 12:00:00 AM,3/16/2022 12:00:00 AM,2022,5629,5161,438,663,1.6,50,46.98,4.727,COP,115.8799564,-31.9615373,12899698.9353,-3758261.0882
381,78,HAYST_CAUSWY_TRINTY,Hay Street,Causeway,Trinity Ave,Southbound,3/9/2022 12:00:00 AM,3/16/2022 12:00:00 AM,2022,5629,5161,438,663,1.6,50,46.98,4.727,COP,115.8799564,-31.9615373,12899698.9353,-3758261.0882
382,23,TRAFGR_ROYACONSTNNL_NILE,Tragalgar Road,Royal street,Nile street,Southbound/Northbound,10/16/2023 12:00:00 AM,10/23/2023 12:00:00 AM,2023,2165,1885,220,247,2.4,50,46.98,7.6,COP,115.880141,-31.9544936,12899719.4847,-3757336.9162
